t,cx,cy,phi
1786791087.050,1.1029,-0.0612,78.38
1786791087.052,-0.2766,0.9212,77.53
1786791087.053,-0.6161,-0.6751,80.08
1786791087.491,1.1090,-0.0738,78.37
1786791087.492,-0.6345,-0.7040,79.30
1786791087.493,-0.2892,0.9141,73.13
1786791087.755,1.1113,-0.0754,78.08
1786791087.756,-0.2924,0.9122,73.62
1786791087.766,-0.6442,-0.7147,78.63
1786791088.014,1.1112,-0.0806,77.21
1786791088.015,-0.6484,-0.7283,78.58
1786791088.016,-0.2967,0.9090,72.58
1786791088.225,1.1140,-0.0893,80.94
1786791088.226,-0.3019,0.9063,70.14
1786791088.227,-0.6552,-0.7376,78.21
1786791088.876,1.1152,-0.1101,77.49
1786791088.878,-0.3213,0.9172,69.86
1786791088.879,-0.6644,-0.7543,78.27
1786791089.002,1.1106,-0.1143,79.56
1786791089.004,-0.6685,-0.7603,77.00
1786791089.007,-0.3302,0.9243,71.66
1786791089.146,1.1095,-0.1302,76.67
1786791089.148,-0.6700,-0.7667,77.27
1786791089.150,-0.3405,0.9309,76.13
1786791089.383,1.1083,-0.1370,77.97
1786791089.385,-0.3419,0.9385,74.10
1786791089.387,-0.6727,-0.7697,77.74
1786791089.738,1.0995,-0.1497,76.16
1786791089.740,-0.6742,-0.7762,74.12
1786791089.742,-0.3529,0.9581,76.23
1786791089.863,1.0934,-0.1624,79.42
1786791089.865,-0.6767,-0.7791,75.70
1786791089.866,-0.3632,0.9688,78.60
1786791090.119,1.0862,-0.1678,78.09
1786791090.121,-0.3701,0.9781,79.36
1786791090.123,-0.6814,-0.7844,73.24
1786791090.368,1.0820,-0.1812,78.08
1786791090.378,-0.3748,0.9813,79.57
1786791090.380,-0.6834,-0.7868,74.76
1786791090.547,1.0772,-0.1872,77.14
1786791090.549,-0.3774,0.9881,80.62
1786791090.551,-0.6801,-0.7920,74.98
1786791090.671,1.0680,-0.1909,77.68
1786791090.673,-0.6803,-0.7930,74.52
1786791090.675,-0.3792,0.9928,81.51
1786791090.794,1.0583,-0.2007,76.97
1786791090.796,-0.6862,-0.7950,73.14
1786791090.798,-0.3833,0.9993,81.95
1786791090.926,1.0498,-0.2091,76.44
1786791090.928,-0.6885,-0.7975,72.18
1786791090.929,-0.3842,1.0015,82.38
1786791091.052,-0.3837,1.0041,85.32
1786791091.054,-0.6889,-0.8030,73.47
1786791091.056,1.0415,-0.2175,75.79
1786791091.178,-0.3846,1.0066,83.81
1786791091.179,1.0344,-0.2260,74.74
1786791091.181,-0.6888,-0.8061,72.53
1786791091.467,-0.3856,1.0132,84.77
1786791091.468,1.0182,-0.2370,76.51
1786791091.469,-0.6937,-0.8085,71.61
1786791091.675,-0.3882,1.0160,86.09
1786791091.676,1.0083,-0.2431,75.99
1786791091.688,-0.6975,-0.8130,73.00
1786791091.854,-0.3882,1.0162,82.48
1786791091.855,-0.6980,-0.8187,75.31
1786791091.858,0.9998,-0.2508,75.89
1786791091.953,-0.3879,1.0176,87.22
1786791091.954,-0.6983,-0.8197,73.73
1786791091.955,0.9931,-0.2574,75.86
1786791092.176,-0.3828,1.0208,83.03
1786791092.181,-0.6999,-0.8210,74.46
1786791092.182,0.9857,-0.2667,76.13
1786791092.377,-0.3831,1.0216,83.78
1786791092.378,0.9771,-0.2704,76.72
1786791092.379,-0.7014,-0.8225,75.45
1786791092.574,-0.3815,1.0267,84.22
1786791092.575,-0.7033,-0.8249,73.18
1786791092.576,0.9694,-0.2743,74.17
1786791092.755,-0.3815,1.0267,82.44
1786791092.756,-0.7034,-0.8250,73.69
1786791092.757,0.9620,-0.2794,74.44
1786791092.928,-0.3809,1.0253,81.87
1786791092.930,0.9544,-0.2835,75.25
1786791092.930,-0.7043,-0.8296,75.77
1786791093.183,-0.3725,1.0279,79.57
1786791093.183,-0.7050,-0.8303,73.33
1786791093.184,0.9464,-0.2864,76.00
1786791093.348,-0.3725,1.0266,81.16
1786791093.349,-0.7074,-0.8299,77.45
1786791093.350,0.9402,-0.2919,77.03
1786791093.636,-0.3685,1.0306,78.33
1786791093.636,-0.7079,-0.8304,75.29
1786791093.637,0.9327,-0.2927,75.62
1786791093.815,-0.3667,1.0322,78.46
1786791093.816,-0.7072,-0.8295,73.39
1786791093.817,0.9271,-0.2972,77.26
1786791094.013,-0.3617,1.0316,76.73
1786791094.024,-0.7081,-0.8306,75.37
1786791094.025,0.9195,-0.3010,75.70
1786791094.248,-0.3607,1.0290,76.57
1786791094.249,-0.7065,-0.8307,73.11
1786791094.250,0.9113,-0.3034,75.38
1786791094.380,-0.3536,1.0290,74.75
1786791094.381,-0.7064,-0.8287,75.31
1786791094.382,0.9052,-0.3087,76.89
1786791094.568,-0.3461,1.0278,72.70
1786791094.569,-0.7072,-0.8264,73.31
1786791094.571,0.9005,-0.3133,76.08
1786791094.771,-0.3463,1.0281,74.21
1786791094.772,0.8938,-0.3152,76.03
1786791094.782,-0.7072,-0.8252,79.18
1786791094.956,-0.3414,1.0278,72.91
1786791094.958,0.8858,-0.3173,78.42
1786791094.959,-0.7090,-0.8214,75.17
1786791095.228,-0.3383,1.0255,71.96
1786791095.232,0.8791,-0.3202,74.40
1786791095.237,-0.7085,-0.8215,74.88
1786791095.477,-0.3305,1.0233,68.97
1786791095.483,-0.7065,-0.8187,80.10
1786791095.485,0.8722,-0.3246,75.18
1786791095.727,-0.3264,1.0206,73.69
1786791095.729,-0.7074,-0.8166,77.71
1786791095.731,0.8687,-0.3295,73.88
1786791095.980,-0.3227,1.0203,69.38
1786791095.983,0.8635,-0.3258,76.52
1786791095.985,-0.7048,-0.8115,78.28
1786791096.216,-0.3167,1.0219,68.83
1786791096.230,0.8561,-0.3307,75.97
1786791096.231,-0.7015,-0.8078,77.45
1786791096.473,-0.3171,1.0186,71.38
1786791096.475,0.8514,-0.3325,76.97
1786791096.477,-0.7060,-0.8029,78.87
1786791096.706,-0.3113,1.0168,69.91
1786791096.708,-0.7046,-0.8014,80.16
1786791096.711,0.8469,-0.3331,76.04
1786791096.938,-0.3067,1.0125,72.61
1786791096.940,-0.7015,-0.7979,79.20
1786791096.942,0.8421,-0.3372,74.94
1786791097.067,-0.2997,1.0117,71.71
1786791097.069,0.8396,-0.3392,75.71
1786791097.071,-0.7001,-0.7963,79.38
1786791097.198,-0.2984,1.0112,72.17
1786791097.200,-0.6953,-0.7909,82.02
1786791097.202,0.8365,-0.3374,76.91
1786791097.331,-0.2927,1.0108,72.39
1786791097.332,-0.6963,-0.7871,81.05
1786791097.335,0.8316,-0.3389,74.42
1786791097.470,-0.2910,1.0086,71.69
1786791097.472,-0.6965,-0.7840,79.84
1786791097.474,0.8270,-0.3400,75.78
1786791097.602,-0.2853,1.0036,74.72
1786791097.604,0.8222,-0.3440,74.49
1786791097.606,-0.6948,-0.7806,80.80
1786791097.734,-0.2801,1.0016,74.37
1786791097.737,0.8225,-0.3428,75.85
1786791097.738,-0.6924,-0.7784,79.37
1786791097.870,-0.2734,1.0011,77.87
1786791097.872,-0.6881,-0.7731,82.37
1786791097.874,0.8222,-0.3440,75.04
1786791098.013,-0.2707,1.0036,76.50
1786791098.017,0.8205,-0.3398,76.47
1786791098.019,-0.6866,-0.7667,82.19
1786791098.157,-0.2679,1.0003,78.25
1786791098.159,0.8162,-0.3414,77.65
1786791098.161,-0.6859,-0.7659,81.00
1786791098.303,-0.2669,0.9969,78.59
1786791098.306,0.8162,-0.3415,76.08
1786791098.308,-0.6859,-0.7641,81.71
1786791098.472,-0.2619,0.9950,78.32
1786791098.474,0.8181,-0.3410,77.01
1786791098.476,-0.6831,-0.7626,79.28
1786791098.668,-0.2548,0.9928,76.38
1786791098.670,-0.6778,-0.7587,79.54
1786791098.673,0.8202,-0.3431,75.54
1786791099.110,-0.2486,0.9935,80.54
1786791099.112,-0.6770,-0.7466,80.55
1786791099.114,0.8220,-0.3343,79.10
1786791099.245,-0.2478,0.9902,80.35
1786791099.247,-0.6758,-0.7451,78.16
1786791099.250,0.8225,-0.3322,79.70
1786791099.375,-0.2414,0.9882,81.94
1786791099.377,0.8271,-0.3341,77.31
1786791099.379,-0.6750,-0.7444,81.10
1786791099.548,-0.2399,0.9845,78.92
1786791099.550,0.8301,-0.3339,78.31
1786791099.552,-0.6719,-0.7409,78.66
1786791099.740,-0.2354,0.9846,80.14
1786791099.742,-0.6703,-0.7364,78.32
1786791099.744,0.8342,-0.3310,78.84
1786791099.940,-0.2275,0.9860,78.88
1786791099.941,-0.6688,-0.7283,75.64
1786791099.944,0.8362,-0.3249,81.35
1786791100.278,-0.2272,0.9843,81.09
1786791100.280,0.8386,-0.3238,80.76
1786791100.290,-0.6679,-0.7268,76.43
1786791100.560,-0.2264,0.9808,82.51
1786791100.562,0.8415,-0.3220,80.02
1786791100.564,-0.6686,-0.7236,75.82
1786791100.822,-0.2197,0.9792,81.79
1786791100.824,0.8451,-0.3234,78.23
1786791100.826,-0.6660,-0.7226,75.32
1786791101.063,-0.2130,0.9777,79.07
1786791101.065,-0.6631,-0.7176,75.78
1786791101.067,0.8494,-0.3196,81.41
1786791101.275,-0.2099,0.9778,81.04
1786791101.278,-0.6579,-0.7119,73.36
1786791101.280,0.8546,-0.3150,80.49
1786791101.424,-0.2066,0.9770,80.05
1786791101.426,-0.6605,-0.7061,76.27
1786791101.428,0.8586,-0.3127,80.65
1786791101.573,-0.2060,0.9744,78.66
1786791101.575,-0.6591,-0.7045,73.15
1786791101.578,0.8597,-0.3092,80.13
1786791101.722,-0.2035,0.9702,80.06
1786791101.724,0.8623,-0.3088,82.24
1786791101.726,-0.6560,-0.7037,73.55
1786791101.871,-0.1958,0.9702,79.59
1786791101.874,0.8671,-0.3076,79.30
1786791101.877,-0.6543,-0.7018,73.74
1786791102.020,-0.1895,0.9700,77.88
1786791102.022,0.8734,-0.3048,80.51
1786791102.024,-0.6513,-0.6963,75.62
1786791102.171,-0.1865,0.9704,76.65
1786791102.173,0.8772,-0.2943,80.52
1786791102.175,-0.6504,-0.6899,75.65
1786791102.333,-0.1832,0.9696,76.08
1786791102.335,-0.6462,-0.6846,75.45
1786791102.337,0.8788,-0.2967,77.98
1786791102.522,-0.1817,0.9657,76.03
1786791102.524,-0.6508,-0.6834,73.62
1786791102.526,0.8819,-0.2896,80.35
1786791102.699,-0.1786,0.9610,75.17
1786791102.702,-0.6473,-0.6801,74.72
1786791102.704,0.8841,-0.2924,79.30
1786791102.879,-0.1726,0.9618,74.52
1786791102.881,-0.6428,-0.6799,74.62
1786791102.883,0.8911,-0.2916,79.25
1786791103.047,-0.1663,0.9608,71.40
1786791103.050,0.8973,-0.2843,77.50
1786791103.052,-0.6404,-0.6719,74.21
1786791103.293,-0.1632,0.9627,73.36
1786791103.295,0.9012,-0.2797,79.11
1786791103.297,-0.6390,-0.6673,73.54
1786791103.427,-0.1615,0.9612,73.29
1786791103.429,-0.6396,-0.6630,74.36
1786791103.431,0.9027,-0.2753,76.90
1786791103.615,-0.1580,0.9569,72.16
1786791103.617,-0.6387,-0.6620,72.53
1786791103.619,0.9044,-0.2777,78.71
1786791103.807,-0.1530,0.9538,73.12
1786791103.809,-0.6381,-0.6614,74.21
1786791103.811,0.9107,-0.2763,76.77
1786791103.998,-0.1469,0.9532,71.08
1786791104.000,0.9156,-0.2751,75.35
1786791104.002,-0.6320,-0.6578,73.64
1786791104.418,-0.1396,0.9544,72.51
1786791104.420,-0.6289,-0.6454,74.38
1786791104.422,0.9258,-0.2654,76.95
1786791104.596,-0.1385,0.9524,73.12
1786791104.598,0.9260,-0.2594,74.82
1786791104.600,-0.6323,-0.6434,74.97
1786791104.876,-0.6315,-0.6426,75.12
1786791104.878,-0.1366,0.9456,72.61
1786791104.880,0.9289,-0.2606,75.30
1786791105.167,-0.1309,0.9454,74.35
1786791105.168,0.9365,-0.2604,74.00
1786791105.171,-0.6298,-0.6409,75.94
1786791105.434,-0.1250,0.9450,74.85
1786791105.436,-0.6250,-0.6360,75.48
1786791105.438,0.9443,-0.2555,76.21
1786791105.704,-0.6231,-0.6293,72.66
1786791105.706,0.9476,-0.2501,75.27
1786791105.708,-0.1198,0.9457,73.10
1786791105.823,-0.6225,-0.6257,74.97
1786791105.824,-0.1163,0.9463,73.74
1786791105.826,0.9493,-0.2458,76.22
1786791105.959,-0.6221,-0.6244,75.62
1786791105.960,0.9513,-0.2449,75.30
1786791105.966,-0.1130,0.9433,74.04
1786791106.056,-0.6172,-0.6219,76.84
1786791106.057,0.9561,-0.2461,75.41
1786791106.058,-0.1115,0.9381,74.32
1786791106.364,-0.6085,-0.6071,77.08
1786791106.366,0.9696,-0.2369,75.62
1786791106.368,-0.0977,0.9370,75.28
1786791106.580,-0.6043,-0.5964,77.88
1786791106.581,-0.0950,0.9389,74.64
1786791106.582,0.9731,-0.2315,76.00
1786791107.055,-0.5996,-0.5866,76.22
1786791107.058,-0.0900,0.9327,76.98
1786791107.060,0.9773,-0.2325,74.76
1786791107.230,-0.5960,-0.5810,75.92
1786791107.232,-0.0865,0.9301,76.92
1786791107.235,0.9837,-0.2299,73.82
1786791107.383,-0.5890,-0.5706,75.79
1786791107.386,-0.0816,0.9281,77.27
1786791107.388,0.9906,-0.2291,78.25
1786791107.612,0.9963,-0.2216,78.23
1786791107.614,-0.0759,0.9320,77.44
1786791107.617,-0.5811,-0.5608,77.20
1786791107.822,-0.5780,-0.5543,77.19
1786791107.823,0.9981,-0.2164,76.46
1786791107.825,-0.0742,0.9321,77.18
1786791108.050,-0.5769,-0.5506,77.70
1786791108.052,-0.0759,0.9287,78.00
1786791108.054,1.0002,-0.2185,78.09
1786791108.236,-0.5758,-0.5477,78.29
1786791108.237,1.0048,-0.2179,76.91
1786791108.239,-0.0752,0.9229,78.80
1786791108.374,1.0100,-0.2174,77.89
1786791108.376,-0.0676,0.9205,79.90
1786791108.379,-0.5715,-0.5438,76.93
1786791108.834,1.0198,-0.2063,79.81
1786791108.836,-0.5623,-0.5370,78.32
1786791108.837,-0.0621,0.9235,77.84
1786791108.984,-0.5670,-0.5393,77.70
1786791108.985,-0.0621,0.9231,79.05
1786791108.986,1.0224,-0.2061,78.43
1786791109.415,-0.5788,-0.5597,77.92
1786791109.416,1.0258,-0.2076,80.26
1786791109.419,-0.0611,0.9137,79.84
1786791109.563,-0.5810,-0.5723,76.62
1786791109.564,1.0310,-0.2021,78.61
1786791109.565,-0.0559,0.9130,81.13
1786791109.766,-0.5900,-0.5787,77.33
1786791109.767,1.0360,-0.1965,79.23
1786791109.768,-0.0504,0.9161,79.57
1786791110.392,-0.6181,-0.6215,79.98
1786791110.395,-0.0556,0.9092,80.02
1786791110.397,1.0363,-0.1964,81.57
1786791110.573,-0.6297,-0.6409,77.98
1786791110.575,-0.0505,0.9060,79.03
1786791110.577,1.0427,-0.1977,80.54
1786791111.017,-0.6400,-0.6636,78.98
1786791111.019,-0.0499,0.9084,77.90
1786791111.030,1.0488,-0.1856,78.42
1786791111.203,-0.6487,-0.6726,78.48
1786791111.205,1.0494,-0.1837,81.42
1786791111.207,-0.0527,0.9087,80.53
1786791111.339,-0.6581,-0.6865,77.24
1786791111.342,-0.0578,0.9033,79.61
1786791111.343,1.0482,-0.1835,78.08
1786791111.478,-0.6618,-0.6989,77.10
1786791111.481,-0.0605,0.8970,77.68
1786791111.483,1.0485,-0.1855,78.94
1786791111.626,-0.6666,-0.7035,79.13
1786791111.628,-0.0559,0.8948,76.39
1786791111.630,1.0550,-0.1866,80.43
1786791111.758,-0.6616,-0.7064,79.63
1786791111.760,1.0564,-0.1802,79.15
1786791111.762,-0.0582,0.8963,76.24
1786791112.123,-0.6719,-0.7096,78.78
1786791112.124,1.0583,-0.1739,78.07
1786791112.126,-0.0685,0.8959,77.22
1786791112.631,-0.6690,-0.7231,77.92
1786791112.633,-0.0800,0.8827,74.96
1786791112.635,1.0633,-0.1747,78.40
1786791112.691,-0.6670,-0.7175,76.61
1786791112.691,1.0667,-0.1686,77.04
1786791112.692,-0.0786,0.8860,75.89
1786791112.766,-0.6692,-0.7154,76.99
1786791112.766,1.0656,-0.1641,76.53
1786791112.767,-0.0903,0.8860,79.76
1786791113.009,-0.6683,-0.7272,74.76
1786791113.010,-0.1046,0.8734,76.41
1786791113.010,1.0664,-0.1686,75.87
1786791113.087,-0.6649,-0.7252,77.19
1786791113.088,-0.1099,0.8726,76.04
1786791113.088,1.0706,-0.1639,75.26
1786791113.369,-0.6669,-0.7174,76.23
1786791113.370,1.0683,-0.1563,77.91
1786791113.371,-0.1217,0.8791,75.71
1786791113.594,-0.6701,-0.7220,75.22
1786791113.596,-0.1325,0.8772,78.00
1786791113.597,1.0679,-0.1588,73.69
1786791113.748,-0.6703,-0.7299,76.05
1786791113.749,1.0694,-0.1624,75.83
1786791113.751,-0.1382,0.8718,78.37
1786791113.837,-0.6657,-0.7325,74.23
1786791113.838,-0.1372,0.8720,76.50
1786791113.839,1.0746,-0.1632,73.89
1786791114.065,-0.6646,-0.7283,77.61
1786791114.074,1.0758,-0.1600,73.89
1786791114.076,-0.1395,0.8788,76.21
1786791114.223,-0.6638,-0.7235,76.55
1786791114.224,-0.1469,0.8850,78.10
1786791114.225,1.0743,-0.1510,75.79
1786791114.310,-0.6683,-0.7261,75.52
1786791114.311,-0.1533,0.8871,75.29
1786791114.312,1.0737,-0.1508,72.08
1786791114.491,-0.6736,-0.7363,76.48
1786791114.493,-0.1579,0.8880,77.20
1786791114.494,1.0745,-0.1565,73.05
1786791114.629,-0.6725,-0.7415,76.14
1786791114.630,-0.1618,0.8860,77.67
1786791114.631,1.0758,-0.1585,73.66
1786791114.828,-0.6692,-0.7418,75.21
1786791114.829,-0.1634,0.8903,76.54
1786791114.830,1.0770,-0.1588,73.70
1786791115.065,-0.6688,-0.7379,75.61
1786791115.066,1.0816,-0.1541,73.58
1786791115.067,-0.1628,0.9016,77.28
1786791115.286,-0.6680,-0.7370,74.60
1786791115.287,1.0822,-0.1474,72.77
1786791115.288,-0.1695,0.9052,77.93
1786791115.468,-0.6740,-0.7437,75.26
1786791115.470,-0.1741,0.9059,78.64
1786791115.471,1.0789,-0.1469,74.22
1786791115.677,-0.6776,-0.7518,75.58
1786791115.690,1.0779,-0.1536,71.49
1786791115.691,-0.1812,0.9030,77.83
1786791115.830,-0.6758,-0.7544,76.07
1786791115.831,-0.1798,0.9033,75.09
1786791115.832,1.0827,-0.1542,73.99
1786791116.026,-0.6716,-0.7536,76.30
1786791116.027,1.0847,-0.1545,72.77
1786791116.028,-0.1806,0.9096,78.24
1786791116.210,-0.6719,-0.7500,76.26
1786791116.211,1.0861,-0.1495,72.29
1786791116.212,-0.1843,0.9179,78.98
1786791116.448,-0.6778,-0.7520,75.26
1786791116.458,-0.1880,0.9224,76.16
1786791116.459,1.0817,-0.1458,64.17
1786791116.674,-0.6807,-0.7597,74.31
1786791116.675,1.0787,-0.1473,52.73
1786791116.676,-0.1937,0.9212,75.74
1786791116.821,-0.6819,-0.7666,76.50
1786791116.822,-0.1932,0.9203,76.99
1786791116.823,1.0735,-0.1517,38.46
1786791117.077,-0.6763,-0.7704,77.38
1786791117.078,-0.1966,0.9209,76.70
1786791117.079,1.0685,-0.1530,24.14
1786791117.258,-0.6785,-0.7668,77.24
1786791117.260,-0.1935,0.9297,77.54
1786791117.260,1.0592,-0.1508,8.89
1786791117.465,-0.6799,-0.7637,76.13
1786791117.470,-0.2003,0.9372,76.60
1786791117.471,1.0495,-0.1476,9.94
1786791117.647,-0.6838,-0.7680,74.31
1786791117.648,-0.2029,0.9423,76.04
1786791117.648,1.0599,-0.1510,24.32
1786791117.779,-0.6865,-0.7758,76.78
1786791117.780,1.0662,-0.1573,42.87
1786791117.781,-0.2076,0.9396,77.41
1786791118.552,-0.6873,-0.7949,79.73
1786791118.555,1.0588,-0.1604,27.30
1786791118.556,-0.2256,0.9548,77.54
1786791118.859,-0.6860,-0.7998,77.55
1786791118.861,-0.2246,0.9519,78.10
1786791118.862,1.0489,-0.1641,10.17
1786791119.785,-0.6942,-0.8093,75.22
1786791119.786,1.0710,-0.1623,87.30
1786791119.786,-0.2421,0.9650,79.29
1786791119.961,-0.6874,-0.8140,78.42
1786791119.962,1.0737,-0.1632,63.91
1786791119.963,-0.2381,0.9646,77.16
1786791120.112,-0.6891,-0.8106,75.60
1786791120.113,-0.2364,0.9703,78.20
1786791120.113,1.0732,-0.1566,43.60
1786791120.286,-0.6886,-0.8064,76.48
1786791120.286,1.0663,-0.1481,26.26
1786791120.287,-0.2416,0.9788,76.40
1786791120.466,-0.6927,-0.8075,76.41
1786791120.468,-0.2458,0.9827,77.31
1786791120.468,1.0538,-0.1486,8.99
1786791120.626,-0.6946,-0.8148,76.68
1786791120.627,1.0563,-0.1530,10.80
1786791120.628,-0.2510,0.9778,77.83
1786791120.877,-0.6927,-0.8228,77.22
1786791120.880,-0.2532,0.9725,78.25
1786791120.883,1.0596,-0.1635,31.29
1786791121.056,-0.6895,-0.8240,76.61
1786791121.058,1.0710,-0.1614,49.28
1786791121.060,-0.2508,0.9770,78.18
1786791121.192,-0.6848,-0.8214,77.44
1786791121.193,1.0716,-0.1585,69.46
1786791121.194,-0.2524,0.9835,76.96
1786791121.276,-0.6903,-0.8148,77.32
1786791121.277,1.0707,-0.1516,89.36
1786791121.278,-0.2573,0.9896,78.78
1786791121.518,-0.6927,-0.8176,77.24
1786791121.521,-0.2644,0.9918,77.45
1786791121.523,1.0694,-0.1524,72.00
1786791121.694,-0.6935,-0.8237,76.36
1786791121.696,1.0671,-0.1591,53.92
1786791121.698,-0.2674,0.9877,80.09
1786791121.876,-0.6896,-0.8293,75.56
1786791121.879,-0.2654,0.9834,78.78
1786791121.880,1.0663,-0.1623,34.49
1786791122.351,-0.6852,-0.8242,77.60
1786791122.351,1.0190,-0.1450,4.39
1786791122.354,-0.2682,0.9939,80.34
1786791122.555,-0.6879,-0.8208,74.57
1786791122.556,-0.2729,0.9992,78.57
1786791122.557,1.0681,-0.1490,18.40
1786791122.782,-0.6911,-0.8238,75.81
1786791122.783,-0.2792,0.9979,79.07
1786791122.784,1.0794,-0.1512,35.74
1786791123.010,-0.6899,-0.8304,74.18
1786791123.012,1.0852,-0.1569,56.05
1786791123.014,-0.2816,0.9937,77.65
1786791123.122,-0.6837,-0.8360,74.77
1786791123.122,-0.2817,0.9891,77.50
1786791123.123,1.0917,-0.1593,74.20
1786791123.240,-0.6829,-0.8324,75.23
1786791123.241,1.0975,-0.1497,84.89
1786791123.242,-0.2787,0.9962,76.76
1786791123.425,-0.6813,-0.8245,74.83
1786791123.426,1.0984,-0.1387,64.86
1786791123.427,-0.2833,1.0011,76.43
1786791123.562,-0.6855,-0.8229,75.99
1786791123.563,1.0948,-0.1313,42.97
1786791123.563,-0.2880,1.0056,78.43
1786791123.643,-0.6879,-0.8273,73.67
1786791123.644,1.0858,-0.1327,24.90
1786791123.645,-0.2939,1.0029,78.67
1786791123.844,-0.6852,-0.8345,77.40
1786791123.845,-0.2953,0.9963,79.43
1786791123.845,1.0819,-0.1435,6.29
1786791125.357,1.1800,-0.1578,81.66
1786791125.358,-0.3201,1.0009,77.61
1786791125.360,-0.6589,-0.8238,74.80
1786791125.600,1.1844,-0.1484,79.60
1786791125.601,-0.3245,1.0074,77.68
1786791125.603,-0.6590,-0.8176,75.57
1786791125.814,1.1839,-0.1464,72.48
1786791125.816,-0.6615,-0.8140,76.08
1786791125.823,-0.3310,1.0135,76.62
1786791126.065,1.1831,-0.1521,70.59
1786791126.067,-0.6652,-0.8152,78.70
1786791126.082,-0.3345,1.0095,77.40
1786791126.306,1.1850,-0.1583,65.20
1786791126.307,-0.3352,1.0053,77.87
1786791126.309,-0.6613,-0.8231,77.63
1786791126.534,1.1899,-0.1610,63.99
1786791126.536,-0.3344,1.0028,77.91
1786791126.538,-0.6559,-0.8276,77.26
1786791126.760,1.1950,-0.1575,60.25
1786791126.762,-0.3324,1.0097,78.40
1786791126.763,-0.6556,-0.8239,79.89
1786791127.007,1.1948,-0.1512,55.61
1786791127.009,-0.6603,-0.8193,76.81
1786791127.010,-0.3386,1.0155,77.10
1786791127.206,1.1935,-0.1457,54.53
1786791127.208,-0.3432,1.0186,77.85
1786791127.209,-0.6647,-0.8154,78.86
1786791127.329,1.1907,-0.1513,49.13
1786791127.331,-0.3464,1.0166,76.55
1786791127.332,-0.6627,-0.8216,76.51
1786791127.451,1.1911,-0.1575,47.67
1786791127.453,-0.3459,1.0093,76.49
1786791127.454,-0.6605,-0.8300,78.15
1786791127.490,1.2014,-0.1560,41.47
1786791127.490,-0.3440,1.0137,76.58
1786791127.491,-0.6551,-0.8311,80.33
1786791131.860,1.2178,-0.1617,73.54
1786791131.862,-0.3697,0.9851,76.99
1786791131.863,-0.6426,-0.8073,73.28
1786791131.963,1.2227,-0.1581,74.60
1786791131.964,-0.3632,0.9874,76.36
1786791131.966,-0.6342,-0.8062,75.88
1786791132.071,1.2183,-0.1526,77.47
1786791132.073,-0.6353,-0.7975,73.64
1786791132.076,-0.3603,0.9955,76.24
1786791132.179,1.2148,-0.1522,78.07
1786791132.181,-0.6402,-0.7921,74.58
1786791132.183,-0.3670,0.9976,76.36
1786791132.292,1.2080,-0.1488,79.15
1786791132.294,-0.3725,0.9938,76.19
1786791132.295,-0.6479,-0.7938,75.22
1786791132.410,1.2099,-0.1566,81.49
1786791132.412,-0.6466,-0.7972,73.90
1786791132.413,-0.3697,0.9861,78.68
1786791132.553,1.2177,-0.1612,83.85
1786791132.555,-0.6404,-0.8015,77.23
1786791132.556,-0.3633,0.9840,74.96
1786791132.697,1.2221,-0.1583,85.65
1786791132.699,-0.3581,0.9838,77.06
1786791132.701,-0.6364,-0.7981,76.94
1786791132.859,1.2207,-0.1521,86.13
1786791132.861,-0.6353,-0.7902,77.22
1786791132.863,-0.3593,0.9895,76.03
1786791133.004,1.2131,-0.1486,87.64
1786791133.006,-0.3654,0.9934,76.73
1786791133.008,-0.6454,-0.7865,77.06
1786791133.163,1.2073,-0.1527,89.86
1786791133.165,-0.6471,-0.7891,76.69
1786791133.167,-0.3702,0.9877,75.47
1786791133.322,1.2112,-0.1608,86.57
1786791133.324,-0.3676,0.9807,76.02
1786791133.325,-0.6433,-0.7964,78.08
1786791133.482,1.2182,-0.1656,84.45
1786791133.484,-0.3593,0.9768,75.53
1786791133.486,-0.6357,-0.7972,76.66
1786791133.640,1.2231,-0.1586,86.19
1786791133.642,-0.3565,0.9794,75.38
1786791133.644,-0.6343,-0.7921,77.51
1786791133.795,1.2162,-0.1540,81.27
1786791133.797,-0.6364,-0.7847,76.90
1786791133.799,-0.3597,0.9856,78.66
1786791133.991,1.2094,-0.1519,81.62
1786791133.993,-0.6423,-0.7808,75.52
1786791133.995,-0.3634,0.9878,75.05
1786791134.238,1.2052,-0.1563,83.53
1786791134.239,-0.6486,-0.7871,77.96
1786791134.241,-0.3702,0.9811,76.17
1786791134.665,1.2167,-0.1655,75.99
1786791134.667,-0.6403,-0.7925,76.40
1786791134.668,-0.3572,0.9711,75.48
1786791134.913,1.2196,-0.1583,76.25
1786791134.915,-0.6338,-0.7865,79.01
1786791134.917,-0.3529,0.9765,77.01
1786791135.136,1.2061,-0.1567,72.39
1786791135.138,-0.6457,-0.7765,77.90
1786791135.139,-0.3679,0.9808,76.15
1786791135.260,1.2058,-0.1641,72.86
1786791135.262,-0.6489,-0.7820,75.88
1786791135.263,-0.3660,0.9786,73.76
1786791135.384,1.2088,-0.1641,69.75
1786791135.386,-0.3629,0.9683,75.28
1786791135.388,-0.6435,-0.7886,77.48
1786791135.529,1.2145,-0.1666,67.24
1786791135.530,-0.6373,-0.7870,77.04
1786791135.532,-0.3554,0.9664,72.72
1786791135.790,1.2185,-0.1621,67.11
1786791135.791,-0.6352,-0.7817,78.02
1786791135.793,-0.3524,0.9753,73.35
1786791135.937,1.2104,-0.1530,65.31
1786791135.939,-0.6384,-0.7750,78.87
1786791135.941,-0.3589,0.9759,73.01
1786791136.075,1.2036,-0.1563,63.66
1786791136.077,-0.6442,-0.7769,75.74
1786791136.078,-0.3659,0.9741,71.84
1786791136.234,1.2039,-0.1648,61.55
1786791136.236,-0.6500,-0.7817,77.56
1786791136.238,-0.3652,0.9697,74.88
1786791136.464,1.2082,-0.1684,60.96
1786791136.466,-0.3599,0.9605,73.19
1786791136.467,-0.6441,-0.7836,77.83
1786791136.595,1.2151,-0.1695,56.96
1786791136.597,-0.3555,0.9617,74.90
1786791136.598,-0.6341,-0.7844,79.24
1786791136.756,1.2153,-0.1632,56.19
1786791136.758,-0.3510,0.9699,74.00
1786791136.761,-0.6366,-0.7763,75.02
1786791136.997,1.2084,-0.1572,56.36
1786791136.999,-0.6417,-0.7716,74.24
1786791137.001,-0.3575,0.9720,74.02
1786791137.049,1.1999,-0.1585,55.02
1786791137.050,-0.3629,0.9683,74.29
1786791137.050,-0.6471,-0.7727,75.86
1786791137.121,1.1994,-0.1673,51.19
1786791137.121,-0.6458,-0.7795,75.29
1786791137.122,-0.3637,0.9589,73.56
1786791137.198,1.2065,-0.1731,51.67
1786791137.198,-0.3583,0.9554,73.51
1786791137.199,-0.6417,-0.7832,76.41
1786791143.588,1.1892,-0.1910,73.92
1786791143.589,-0.4168,0.9642,87.17
1786791143.590,-0.6748,-0.8283,80.19
1786791143.657,1.1910,-0.1988,76.16
1786791143.658,-0.6762,-0.8392,79.65
1786791143.658,-0.4173,0.9566,85.74
1786791143.785,1.2009,-0.2008,75.87
1786791143.786,-0.4113,0.9517,85.90
1786791143.787,-0.6666,-0.8448,81.90
1786791143.909,1.2063,-0.2032,77.17
1786791143.909,-0.6641,-0.8424,81.12
1786791143.910,-0.4060,0.9587,84.29
1786791144.107,1.2095,-0.1944,77.32
1786791144.109,-0.6652,-0.8359,79.76
1786791144.111,-0.4112,0.9677,84.13
1786791144.265,1.2018,-0.1855,76.74
1786791144.266,-0.6744,-0.8336,80.30
1786791144.267,-0.4169,0.9732,82.59
1786791144.362,1.2005,-0.1854,77.66
1786791144.363,-0.6761,-0.8424,78.54
1786791144.363,-0.4232,0.9688,81.59
1786791144.466,1.2040,-0.1961,75.90
1786791144.467,-0.4253,0.9602,82.84
1786791144.469,-0.6760,-0.8533,79.13
1786791144.618,1.2141,-0.2027,75.22
1786791144.620,-0.4177,0.9585,83.64
1786791144.622,-0.6717,-0.8555,78.58
1786791144.792,1.2209,-0.1982,76.96
1786791144.794,-0.6644,-0.8522,80.89
1786791144.796,-0.4112,0.9658,81.52
1786791144.904,1.2221,-0.1848,76.50
1786791144.905,-0.6675,-0.8442,79.63
1786791144.906,-0.4137,0.9740,80.08
1786791145.067,1.2109,-0.1793,73.88
1786791145.068,-0.4225,0.9780,79.90
1786791145.069,-0.6764,-0.8427,77.78
1786791145.284,1.2025,-0.1856,75.49
1786791145.285,-0.6817,-0.8513,76.37
1786791145.286,-0.4289,0.9714,79.04
1786791145.385,1.2009,-0.1954,74.33
1786791145.386,-0.4287,0.9610,80.35
1786791145.387,-0.6785,-0.8616,78.88
1786791145.594,1.2016,-0.1965,70.10
1786791145.595,-0.4209,0.9581,77.94
1786791145.595,-0.6717,-0.8635,76.76
1786791145.783,1.1987,-0.1848,67.28
1786791145.784,-0.4196,0.9657,75.72
1786791145.785,-0.6701,-0.8582,76.47
1786791145.982,1.1875,-0.1747,64.83
1786791145.983,-0.6687,-0.8491,77.14
1786791145.984,-0.4199,0.9762,77.86
1786791146.122,1.1665,-0.1688,58.88
1786791146.123,-0.4287,0.9761,76.05
1786791146.124,-0.6775,-0.8492,78.76
1786791146.262,1.1431,-0.1744,54.28
1786791146.263,-0.4345,0.9677,75.36
1786791146.263,-0.6848,-0.8550,72.75
1786791146.424,1.1286,-0.1742,48.00
1786791146.425,-0.6803,-0.8636,77.07
1786791146.426,-0.4294,0.9616,74.69
1786791146.631,1.1182,-0.1661,42.76
1786791146.632,-0.6736,-0.8660,74.64
1786791146.633,-0.4216,0.9600,75.30
1786791146.820,1.1052,-0.1492,36.56
1786791146.821,-0.6689,-0.8565,75.16
1786791146.822,-0.4184,0.9687,75.26
1786791146.949,1.0732,-0.1312,31.33
1786791146.950,-0.6688,-0.8464,75.75
1786791146.951,-0.4223,0.9768,73.25
1786791147.118,-0.4296,0.9753,73.97
1786791147.119,-0.6762,-0.8444,75.73
1786791147.119,1.0422,-0.1202,23.44
1786791147.302,-0.4346,0.9701,73.17
1786791147.303,-0.6814,-0.8509,75.12
1786791147.303,1.0130,-0.1205,17.45
1786791147.470,-0.6758,-0.8578,75.51
1786791147.471,-0.4317,0.9600,72.77
1786791147.472,1.0100,-0.1227,12.29
1786791150.082,-0.6127,-0.7603,79.59
1786791150.084,-0.4154,0.9445,79.57
1786791150.085,0.9540,-0.0871,69.38
1786791150.217,-0.4178,0.9521,80.19
1786791150.219,0.9508,-0.0783,70.98
1786791150.221,-0.6108,-0.7491,82.17
1786791150.374,0.9443,-0.0753,70.96
1786791150.376,-0.4230,0.9548,79.99
1786791150.378,-0.6188,-0.7419,80.53
1786791150.537,-0.6197,-0.7442,77.70
1786791150.539,-0.4271,0.9466,79.71
1786791150.541,0.9401,-0.0834,71.19
1786791150.672,0.9401,-0.0901,72.55
1786791150.675,-0.4264,0.9351,81.09
1786791150.676,-0.6172,-0.7511,80.08
1786791151.148,0.9504,-0.0800,77.07
1786791151.149,-0.4115,0.9445,82.85
1786791151.151,-0.6035,-0.7304,79.81
1786791151.571,-0.4213,0.9353,83.24
1786791151.573,0.9380,-0.0869,77.51
1786791151.574,-0.6120,-0.7315,78.72
1786791151.764,0.9413,-0.0940,78.54
1786791151.775,-0.6098,-0.7384,76.32
1786791151.777,-0.4146,0.9253,81.56
1786791151.963,-0.4085,0.9219,82.61
1786791151.964,-0.5979,-0.7383,77.48
1786791151.974,0.9480,-0.0966,78.06
1786791152.181,0.9522,-0.0911,80.26
1786791152.192,-0.5948,-0.7293,78.17
1786791152.194,-0.4061,0.9284,83.39
1786791152.386,0.9483,-0.0847,81.68
1786791152.387,-0.4073,0.9347,83.54
1786791152.388,-0.5965,-0.7191,75.54
1786791152.794,-0.4185,0.9249,82.31
1786791152.795,0.9362,-0.0924,83.21
1786791152.796,-0.6056,-0.7236,74.83
1786791152.974,0.9399,-0.0989,84.11
1786791152.975,-0.6008,-0.7307,75.15
1786791152.976,-0.4128,0.9164,83.80
1786791153.080,0.9482,-0.0998,82.62
1786791153.082,-0.5923,-0.7290,75.72
1786791153.083,-0.4051,0.9144,82.14
1786791153.294,-0.4012,0.9208,81.90
1786791153.296,-0.5876,-0.7203,72.82
1786791153.297,0.9512,-0.0932,82.75
1786791153.634,-0.4101,0.9256,81.95
1786791153.635,-0.5992,-0.7115,75.32
1786791153.636,0.9379,-0.0846,85.81
1786791153.855,-0.4122,0.9188,81.40
1786791153.856,-0.6019,-0.7192,74.89
1786791153.863,0.9354,-0.0952,85.10
1786791153.973,-0.4080,0.9079,82.14
1786791153.974,-0.5930,-0.7277,72.58
1786791153.975,0.9390,-0.1044,84.88
1786791154.133,-0.3985,0.9070,82.00
1786791154.135,-0.5886,-0.7240,73.07
1786791154.136,0.9463,-0.1039,84.23
1786791154.705,-0.4057,0.9159,79.34
1786791154.706,-0.5919,-0.7081,72.29
1786791154.707,0.9364,-0.0901,87.62
1786791154.896,-0.4090,0.9080,81.80
1786791154.898,-0.5909,-0.7122,72.11
1786791154.899,0.9339,-0.0979,87.09
1786791155.375,-0.3955,0.9005,77.66
1786791155.376,-0.5714,-0.7128,74.20
1786791155.377,0.9459,-0.1037,86.79
1786791155.522,0.9463,-0.0962,88.33
1786791155.523,-0.3948,0.9062,77.59
1786791155.524,-0.5670,-0.7029,74.24
1786791155.677,-0.3978,0.9134,76.67
1786791155.681,0.9404,-0.0912,89.66
1786791155.682,-0.5697,-0.6935,73.96
1786791155.840,0.9330,-0.0919,89.53
1786791155.842,-0.5749,-0.6920,74.06
1786791155.844,-0.4033,0.9106,77.95
1786791156.407,0.9455,-0.1057,87.65
1786791156.409,-0.5504,-0.6936,79.19
1786791156.410,-0.3928,0.8903,77.58
1786791156.661,0.9454,-0.1001,87.70
1786791156.665,-0.3901,0.9015,75.64
1786791156.666,-0.5485,-0.6819,79.61
1786791156.851,0.9388,-0.0944,89.36
1786791156.853,-0.5508,-0.6719,79.67
1786791156.854,-0.3943,0.9054,74.33
1786791157.097,0.9308,-0.0975,88.02
1786791157.099,-0.3997,0.8998,74.69
1786791157.101,-0.5527,-0.6726,79.95
1786791158.471,0.9279,-0.1033,87.51
1786791158.472,-0.4039,0.8945,71.57
1786791158.474,-0.5082,-0.6188,82.23
1786791158.729,-0.4066,0.8914,74.54
1786791158.730,0.9286,-0.1147,82.39
1786791158.732,-0.5103,-0.6332,81.83
1786791158.923,0.9354,-0.1139,82.50
1786791158.925,-0.5117,-0.6518,79.81
1786791158.926,-0.4036,0.8928,76.58
1786791159.119,-0.4050,0.9061,76.68
1786791159.122,-0.5119,-0.6581,80.16
1786791159.124,0.9417,-0.1105,82.07
1786791159.266,-0.4133,0.9180,77.10
1786791159.268,-0.5200,-0.6589,79.53
1786791159.269,0.9387,-0.1036,82.42
1786791159.442,-0.4240,0.9264,80.24
1786791159.443,-0.5338,-0.6664,78.03
1786791159.444,0.9306,-0.1022,81.02
1786791159.624,-0.4336,0.9264,81.68
1786791159.625,0.9249,-0.1085,82.93
1786791159.627,-0.5455,-0.6885,78.19
1786791159.842,-0.4355,0.9247,81.02
1786791159.844,0.9286,-0.1139,80.75
1786791159.846,-0.5546,-0.7146,77.12
1786791160.014,-0.4333,0.9248,83.20
1786791160.016,-0.5568,-0.7342,79.38
1786791160.018,0.9347,-0.1181,77.96
1786791160.407,-0.4386,0.9453,86.91
1786791160.408,0.9346,-0.1059,79.01
1786791160.410,-0.5694,-0.7431,77.50
1786791160.588,-0.4480,0.9474,85.86
1786791160.590,0.9266,-0.1034,78.98
1786791160.591,-0.5825,-0.7530,77.10
1786791160.775,-0.4561,0.9419,89.44
1786791160.776,0.9227,-0.1113,76.99
1786791160.777,-0.5940,-0.7703,75.49
1786791160.882,-0.4522,0.9358,86.63
1786791160.883,-0.5956,-0.7871,75.69
1786791160.884,0.9264,-0.1204,76.17
1786791160.970,-0.4458,0.9354,86.44
1786791160.971,-0.5908,-0.7934,76.71
1786791160.972,0.9339,-0.1203,77.67
1786791161.410,-0.4477,0.9504,88.00
1786791161.413,0.9311,-0.1049,75.23
1786791161.415,-0.6008,-0.7891,76.04
1786791161.632,-0.4567,0.9505,88.10
1786791161.634,-0.6119,-0.7935,76.74
1786791161.636,0.9241,-0.1047,73.31
1786791162.150,-0.4562,0.9337,88.98
1786791162.152,0.9247,-0.1232,70.88
1786791162.154,-0.6145,-0.8167,74.53
1786791162.350,-0.4475,0.9312,89.83
1786791162.352,-0.6109,-0.8224,78.20
1786791162.354,0.9324,-0.1233,69.62
1786791162.879,-0.4499,0.9439,86.93
1786791162.881,0.9285,-0.1052,70.00
1786791162.883,-0.6187,-0.8075,77.11
1786791163.123,-0.4567,0.9431,88.19
1786791163.125,-0.6305,-0.8124,74.56
1786791163.127,0.9200,-0.1084,69.37
1786791163.274,-0.6351,-0.8230,76.40
1786791163.275,-0.4589,0.9341,85.81
1786791163.277,0.9173,-0.1166,68.67
1786791164.050,-0.6442,-0.8233,76.14
1786791164.052,0.9177,-0.1126,61.23
1786791164.054,-0.4539,0.9305,81.92
1786791168.444,0.8857,-0.1587,12.37
1786791168.444,-0.4102,0.8531,87.45
1786791168.445,-0.6376,-0.7168,76.96
1786791169.274,0.8896,-0.1547,24.69
1786791169.274,-0.4298,0.8842,79.35
1786791169.275,-0.6523,-0.7297,77.71
1786791171.471,-0.4931,0.9815,76.30
1786791171.471,0.9017,-0.1681,61.00
1786791171.472,-0.6870,-0.8169,81.96
1786791171.539,-0.5015,0.9817,80.31
1786791171.540,0.8929,-0.1737,61.76
1786791171.540,-0.6971,-0.8230,81.14
1786791171.943,-0.4964,0.9944,79.59
1786791171.945,0.9073,-0.1770,67.46
1786791171.947,-0.6873,-0.8372,81.23
1786791172.293,-0.5131,0.9910,82.57
1786791172.295,0.8842,-0.1810,71.28
1786791172.296,-0.7011,-0.8539,78.74
1786791172.418,-0.5034,0.9881,83.45
1786791172.420,0.8917,-0.1857,71.04
1786791172.421,-0.6965,-0.8590,79.84
1786791172.534,-0.4991,0.9919,82.60
1786791172.535,-0.6928,-0.8578,76.78
1786791172.537,0.8924,-0.1844,68.50
1786791172.638,-0.5050,1.0016,81.74
1786791172.639,-0.6905,-0.8516,78.66
1786791172.641,0.8865,-0.1731,67.04
1786791172.765,-0.5095,1.0071,83.33
1786791172.766,0.8723,-0.1675,64.42
1786791172.768,-0.7007,-0.8496,79.49
1786791172.902,-0.5152,1.0028,87.24
1786791172.903,-0.7065,-0.8575,73.14
1786791172.905,0.8638,-0.1711,65.40
1786791173.030,-0.5154,0.9935,86.03
1786791173.031,-0.7056,-0.8701,76.96
1786791173.033,0.8637,-0.1813,64.16
1786791173.184,-0.5084,0.9911,86.40
1786791173.185,-0.6986,-0.8721,72.65
1786791173.187,0.8690,-0.1853,62.90
1786791173.327,-0.5011,0.9958,85.66
1786791173.329,-0.6946,-0.8687,76.35
1786791173.331,0.8725,-0.1772,59.67
1786791173.491,-0.5038,1.0012,83.28
1786791173.492,-0.6969,-0.8592,71.48
1786791173.494,0.8696,-0.1695,55.37
1786791173.662,-0.5068,1.0070,85.46
1786791173.664,-0.7036,-0.8602,71.47
1786791173.666,0.8636,-0.1664,52.35
1786791173.852,-0.5114,0.9989,84.20
1786791173.853,-0.7092,-0.8673,72.05
1786791173.855,0.8610,-0.1738,50.03
1786791174.016,-0.5086,0.9871,82.18
1786791174.017,0.8617,-0.1831,48.14
1786791174.019,-0.7059,-0.8759,73.08
1786791174.102,-0.4996,0.9809,85.31
1786791174.102,0.8708,-0.1838,44.65
1786791174.103,-0.6989,-0.8781,72.07
1786791174.565,-0.4799,0.9622,79.11
1786791174.565,0.8825,-0.1837,29.18
1786791174.566,-0.6931,-0.8757,75.91
1786791181.783,-0.4735,1.0177,82.22
1786791181.783,-0.6762,-0.9000,84.55
1786791181.783,0.8566,-0.2181,7.05
